"state_code","year","S. No.","State","GDP","total_cases_women_def","female_def_acquitted","female_def_acquittal_rate","total_cases_male_def","male_def_acquitted","male_def_acquittal_rate","female_def_dismissed","female_def_dismissal_rate","male_def_dismissed","male_def_dismissal_rate","female_def_convicted","female_def_conviction_rate","male_def_convicted","male_def_conviction_rate","mmr","unemr","tfr","diff_acquittal","diff_dismissal","diff_conviction","pop_growth"
1,"2011","14","Maharashtra","1280369.437875421",83395,5805,6.9608489717609,604231,63445,10.5001232972158,7615,9.1312428802686,40799,6.75221893613535,872,1.04562623658493,13478,2.23060385845811,NA,NA,1.8,3.5392743254549,-2.37902394413325,1.18497762187318,10.3
1,"2012","14","Maharashtra","1459628.6275589818",96918,6927,7.14727914319321,666803,70392,10.5566411668814,9690,9.99814275985885,48485,7.27126302671104,745,0.76869105842052,11438,1.71534921108633,87,38,1.8,3.40936202368819,-2.72687973314781,0.94665815266581,10.3
1,"2013","14","Maharashtra","1649646.6310552894",96880,6988,7.2130470685384,727791,70676,9.71102967747609,7840,8.09248554913295,40575,5.57508955180814,1074,1.10858794384806,24825,3.41100673132809,68,NA,1.8,2.49798260893769,-2.51739599732481,2.30241878748003,10.2
1,"2014","14","Maharashtra","1779137.929673658",103573,6610,6.38197213559519,757576,66980,8.84135717076571,8028,7.75105481158217,42422,5.59970220809529,977,0.943296032749848,20386,2.69095113889564,NA,NA,1.8,2.45938503517052,-2.15135260348688,1.74765510614579,10.5
1,"2015","14","Maharashtra","1966224.5795943553",107588,5959,5.53872179053426,854216,60232,7.05114397295298,8126,7.55288693906384,45554,5.33284321529917,1432,1.33100345763468,46417,5.43387152663963,NA,NA,1.8,1.51242218241872,-2.22004372376467,4.10286806900495,10.5
1,"2016","14","Maharashtra","2198185.1539265439",111679,6332,5.66982154209834,844838,53998,6.39152121471809,6069,5.43432516408635,27022,3.1984830227807,958,0.857815703937177,24716,2.92553128528783,61,NA,1.8,0.72169967261975,-2.23584214130565,2.06771558135065,10.1
1,"2017","14","Maharashtra","2352781.5016512959",119628,5742,4.79987962684321,878258,43671,4.97245684070057,3971,3.31945698331494,16520,1.88099624483922,581,0.485672250643662,15675,1.78478305919217,55,NA,1.7,0.17257721385736,-1.43846073847572,1.29911080854851,10.1
1,"2018","14","Maharashtra","2528854.3026081612",120945,2298,1.90003720699492,909318,17466,1.92078018910876,1345,1.1120757369052,6371,0.700634981381651,403,0.33320931001695,12941,1.4231544960069,46,115,1.7,0.0207429821138398,-0.411440755523549,1.08994518598995,10.1
1,"2019","14","Maharashtra","2657370.9568737485",NA,NA,NA,NA,NA,NA,NA,NA,NA,NA,NA,NA,NA,NA,38,106,1.6,NA,NA,NA,10
1,"2020","14","Maharashtra","2627541.8994584102",NA,NA,NA,NA,NA,NA,NA,NA,NA,NA,NA,NA,NA,NA,33,56,1.5,NA,NA,NA,9.6
1,"2021","14","Maharashtra","3108021.8670080216",NA,NA,NA,NA,NA,NA,NA,NA,NA,NA,NA,NA,NA,NA,NA,74,NA,NA,NA,NA,NA
1,"2022","14","Maharashtra","NA",NA,NA,NA,NA,NA,NA,NA,NA,NA,NA,NA,NA,NA,NA,NA,55,NA,NA,NA,NA,NA
1,"2023","14","Maharashtra","NA",NA,NA,NA,NA,NA,NA,NA,NA,NA,NA,NA,NA,NA,NA,NA,62,NA,NA,NA,NA,NA
2,"2011","1","Andhra Pradesh","379402.03000000003",52866,9676,18.3028789770363,75620,13631,18.0256545887331,12243,23.1585518102372,16511,21.8341708542714,1631,3.08515870313623,2685,3.55064797672573,NA,NA,1.8,-0.2772243883032,-1.3243809559658,0.4654892735895,10
2,"2012","1","Andhra Pradesh","411403.71000000002",61171,10780,17.6227297248696,84429,14484,17.1552428667875,13857,22.6528910758366,18055,21.3848322258939,1888,3.08642984420722,2968,3.51537978656623,110,54,1.8,-0.467486858082101,-1.2680588499427,0.42894994235901,10.1
2,"2013","1","Andhra Pradesh","464272.01000000001",66502,12573,18.9061983098253,93012,16490,17.7288951963188,12401,18.6475594718956,16901,18.1707736636133,2189,3.29163032690746,3816,4.10269642626758,92,NA,1.8,-1.1773031135065,-0.476785808282301,0.81106609936012,10
2,"2014","1","Andhra Pradesh","524975.64000000001",86036,14562,16.9254730577898,115218,18219,15.8126334426912,13558,15.7585196894323,18424,15.9905570310195,2359,2.74187549397926,3691,3.20349250985089,NA,NA,1.8,-1.1128396150986,0.232037341587201,0.46161701587163,9.7
2,"2015","1","Andhra Pradesh","604228.61953199992",95597,14293,14.9513060033265,124992,16995,13.5968701996928,13019,13.6186281996297,17267,13.8144841269841,2594,2.71347427220519,3859,3.08739759344598,NA,NA,1.7,-1.3544358036337,0.195855927354399,0.37392332124079,9.7
2,"2016","1","Andhra Pradesh","684415.87",97262,11127,11.4402335958545,125605,12821,10.2073962023805,11088,11.4001357159014,14995,11.9382190199435,1945,1.99975324381567,2870,2.28494088611122,74,NA,1.7,-1.232837393474,0.5380833040421,0.28518764229555,9.6
2,"2017","1","Andhra Pradesh","786135.41556372959",110573,8151,7.3716006620061,141863,9140,6.4428356935917,8249,7.46022989337361,11266,7.94146465251687,2063,1.86573575827734,2951,2.08017594439706,74,NA,1.6,-0.928764968414399,0.48123475914326,0.21444018611972,8.9
2,"2018","1","Andhra Pradesh","873721.1063011681",113341,5884,5.19141352202645,146102,6340,4.33943409398913,4004,3.53270219955709,5490,3.75764876593065,1710,1.50872146884181,3003,2.05541334136425,65,91,1.6,-0.85197942803732,0.22494656637356,0.54669187252244,9.4
2,"2019","1","Andhra Pradesh","925839.11811827531",NA,NA,NA,NA,NA,NA,NA,NA,NA,NA,NA,NA,NA,NA,58,102,1.5,NA,NA,NA,9.5
2,"2020","1","Andhra Pradesh","978581.46212537971",NA,NA,NA,NA,NA,NA,NA,NA,NA,NA,NA,NA,NA,NA,45,78,1.5,NA,NA,NA,9.3
2,"2021","1","Andhra Pradesh","1148471.2917621001",NA,NA,NA,NA,NA,NA,NA,NA,NA,NA,NA,NA,NA,NA,NA,72,NA,NA,NA,NA,NA
2,"2022","1","Andhra Pradesh","1303523.6233564001",NA,NA,NA,NA,NA,NA,NA,NA,NA,NA,NA,NA,NA,NA,NA,72,NA,NA,NA,NA,NA
2,"2023","1","Andhra Pradesh","1439673.8700000001",NA,NA,NA,NA,NA,NA,NA,NA,NA,NA,NA,NA,NA,NA,NA,75,NA,NA,NA,NA,NA
3,"2011","11","Karnataka","606009.81080486346",92336,8685,9.4058655345694,342403,31624,9.2359003863868,17099,18.5182377404263,49946,14.5869049044547,7697,8.33586033616358,32485,9.48735846356486,NA,NA,1.9,-0.1699651481826,-3.9313328359716,1.15149812740128,11.7
3,"2012","11","Karnataka","695413.02248830406",107579,9537,8.86511307969027,410354,36037,8.78192974846108,19757,18.365108431943,56679,13.8122206680086,10280,9.55576831909573,44293,10.7938511626547,144,44,1.9,-0.0831833312291899,-4.5528877639344,1.23808284355897,11.4
3,"2013","11","Karnataka","816666.15226753103",130776,9300,7.11139658652964,524723,34836,6.63893139809004,19191,14.6747109561387,57355,10.9305290600946,16506,12.6215819416407,77580,14.7849436750438,133,NA,1.9,-0.4724651884396,-3.7441818960441,2.1633617334031,11.3
3,"2014","11","Karnataka","913923.02575646492",152046,8729,5.74102574220959,587856,30591,5.20382542663509,19125,12.5784302119096,57560,9.79151356794861,19668,12.9355589755732,89153,15.1657889006832,NA,NA,1.8,-0.5372003155745,-2.78691664396099,2.23022992511,11.3
3,"2015","11","Karnataka","1045168.1035316014",151603,6968,4.59621511447663,607142,25265,4.16129999242352,15871,10.4687901954447,48643,8.01179954606995,21369,14.0953675059201,98176,16.1701875343824,NA,NA,1.8,-0.43491512205311,-2.45699064937475,2.0748200284623,11.3
3,"2016","11","Karnataka","1207607.7191026506",149986,5219,3.4796581014228,607624,19083,3.14059352494306,12123,8.08275439040977,36170,5.95269442944979,17502,11.6690891149841,85843,14.127651310679,108,NA,1.8,-0.33906457647974,-2.13005996095998,2.4585621956949,10.9
3,"2017","11","Karnataka","1333239.994143201",161774,3676,2.27230580933895,642339,12906,2.00921943086127,8721,5.39085390730278,26739,4.16275518067562,12892,7.96914213656088,70293,10.9432869559532,97,NA,1.7,-0.26308637847768,-1.22809872662716,2.97414481939232,10.9
3,"2018","11","Karnataka","1479391.431560298",166293,1726,1.03792703240666,645959,6663,1.03148961466595,4685,2.81731642342131,14316,2.21623973038536,3624,2.17928595912035,17233,2.66781637843888,92,72,1.7,-0.00643741774071005,-0.60107669303595,0.48853041931853,10.9
3,"2019","11","Karnataka","1615826.5321106561",NA,NA,NA,NA,NA,NA,NA,NA,NA,NA,NA,NA,NA,NA,83,61,1.7,NA,NA,NA,10.7
3,"2020","11","Karnataka","1641460.2758155344",NA,NA,NA,NA,NA,NA,NA,NA,NA,NA,NA,NA,NA,NA,69,154,1.6,NA,NA,NA,10.4
3,"2021","11","Karnataka","1978094.2538963417",NA,NA,NA,NA,NA,NA,NA,NA,NA,NA,NA,NA,NA,NA,NA,50,NA,NA,NA,NA,NA
3,"2022","11","Karnataka","2269995.0877925004",NA,NA,NA,NA,NA,NA,NA,NA,NA,NA,NA,NA,NA,NA,NA,63,NA,NA,NA,NA,NA
3,"2023","11","Karnataka","2500733.0794086149",NA,NA,NA,NA,NA,NA,NA,NA,NA,NA,NA,NA,NA,NA,NA,51,NA,NA,NA,NA,NA
4,"2011","12","Kerala","364047.87857622263",30045,3774,12.5611582626061,162329,27373,16.8626677919534,7053,23.4747878182726,22595,13.9192627318594,332,1.10500915293726,2045,1.25978722224618,NA,NA,1.8,4.3015095293473,-9.5555250864132,0.15477806930892,8.2
4,"2012","12","Kerala","412313.00356598099",40948,4391,10.7233564520856,235668,32440,13.7651272128588,9171,22.3966982514409,26274,11.1487346606243,324,0.791247435772199,2360,1.00140876147801,66,139,1.8,3.0417707607732,-11.2479635908166,0.210161325705811,8
4,"2013","12","Kerala","465041.20827276679",50969,5259,10.3180364535306,287335,35749,12.4415751648772,9851,19.3274343228237,27958,9.73010597386326,382,0.749475171182483,2630,0.915307915847356,61,NA,1.8,2.1235387113466,-9.59732834896044,0.165832744664873,7.8
4,"2014","12","Kerala","512564.04607688187",63047,5012,7.94962488302378,402288,37387,9.2935906614167,11051,17.5281932526528,35076,8.71912659587161,402,0.637619553666312,4060,1.00922722029988,NA,NA,1.9,1.34396577839292,-8.80906665678119,0.371607666633568,8.2
4,"2015","12","Kerala","561993.61128464574",70462,4613,6.54679117822372,501343,32388,6.46024777447775,11215,15.91638046039,37505,7.48090628571657,438,0.621611648831994,5915,1.17983097400383,NA,NA,1.8,-0.0865434037459698,-8.43547417467343,0.558219325171836,8.2
4,"2016","12","Kerala","634886.39929240162",78902,3937,4.98973410052977,595659,22555,3.78656244596321,11059,14.0161212643532,35914,6.02928856946676,586,0.742693467846189,7997,1.34254665840691,46,NA,1.8,-1.20317165456656,-7.98683269488644,0.599853190560721,6.8
4,"2017","12","Kerala","701588.26127224381",78438,3399,4.33335883117877,589797,15680,2.65854183727622,8445,10.7664652336878,28124,4.76842032089007,335,0.427088910987022,4407,0.747206242147722,42,NA,1.7,-1.67481699390255,-5.99804491279773,0.3201173311607,7.3
4,"2018","12","Kerala","788285.58331805083",69165,1787,2.58367671510157,519346,8296,1.59739364508439,4573,6.61172558374901,19393,3.73411945023164,109,0.157594158895395,1443,0.277849449114848,43,275,1.7,-0.98628307001718,-2.87760613351737,0.120255290219453,7.1
4,"2019","12","Kerala","812934.63052279921",NA,NA,NA,NA,NA,NA,NA,NA,NA,NA,NA,NA,NA,NA,30,188,1.6,NA,NA,NA,6.4
4,"2020","12","Kerala","771723.88952958724",NA,NA,NA,NA,NA,NA,NA,NA,NA,NA,NA,NA,NA,NA,19,167,1.5,NA,NA,NA,6.2
4,"2021","12","Kerala","934541.74918794702",NA,NA,NA,NA,NA,NA,NA,NA,NA,NA,NA,NA,NA,NA,NA,173,NA,NA,NA,NA,NA
4,"2022","12","Kerala","1046188.14",NA,NA,NA,NA,NA,NA,NA,NA,NA,NA,NA,NA,NA,NA,NA,150,NA,NA,NA,NA,NA
4,"2023","12","Kerala","NA",NA,NA,NA,NA,NA,NA,NA,NA,NA,NA,NA,NA,NA,NA,NA,129,NA,NA,NA,NA,NA
5,"2011","9","Himachal Pradesh","72719.829321275291",4816,341,7.08056478405316,32378,4596,14.1948236456853,1213,25.186877076412,5539,17.1072950769041,58,1.20431893687708,1124,3.47149298906665,NA,NA,1.8,7.11425886163214,-8.0795819995079,2.26717405218957,9.8
5,"2012","9","Himachal Pradesh","82819.786160767268",6631,344,5.18775448650279,43359,4071,9.38905417560368,1502,22.6511838335093,6756,15.5815401646717,83,1.25169657668527,1196,2.75836619848244,NA,99,1.7,4.20129968910089,-7.0696436688376,1.50666962179717,9.5
5,"2013","9","Himachal Pradesh","94764.153845475434",7305,237,3.24435318275154,47525,3111,6.54602840610205,1399,19.1512662559891,6451,13.5739084692267,73,0.999315537303217,1132,2.38190426091531,NA,NA,1.7,3.30167522335051,-5.5773577867624,1.38258872361209,9.4
5,"2014","9","Himachal Pradesh","103772.32029213615",9158,151,1.64883162262503,58763,2316,3.94125555196297,1620,17.6894518453811,7405,12.6014669094498,55,0.600567809565407,971,1.65240031992921,NA,NA,1.7,2.29242392933794,-5.0879849359313,1.0518325103638,9.7
5,"2015","9","Himachal Pradesh","114239.40708921342",12174,154,1.26499096435025,76948,1895,2.46270208452461,1646,13.5206177098735,7348,9.54930602484795,191,1.56891736487597,1566,2.03514061444092,NA,NA,1.7,1.19771112017436,-3.97131168502555,0.46622324956495,9.7
5,"2016","9","Himachal Pradesh","125633.63751788977",11382,61,0.535933930767879,73248,1064,1.4525993883792,1264,11.105253909682,5552,7.57972913936217,42,0.3690036900369,651,0.888761467889908,NA,NA,1.7,0.916665457611321,-3.52552477031983,0.519757777853008,9.2
5,"2017","9","Himachal Pradesh","138551.09037691465",15594,28,0.179556239579325,93984,489,0.520301327885598,1014,6.50250096190843,4532,4.82209737827715,49,0.314223419263819,530,0.563925774599932,NA,NA,1.6,0.340745088306273,-1.68040358363128,0.249702355336113,9.2
5,"2018","9","Himachal Pradesh","148383.28825171318",34104,40,0.117288294628196,193797,271,0.139837045981104,864,2.53342716396904,3666,1.89167014969272,297,0.870865587614356,3909,2.01705908760198,NA,137,1.6,0.022548751352908,-0.64175701427632,1.14619349998762,8.8
5,"2019","9","Himachal Pradesh","159164.01886052592",NA,NA,NA,NA,NA,NA,NA,NA,NA,NA,NA,NA,NA,NA,NA,149,1.6,NA,NA,NA,8.5
5,"2020","9","Himachal Pradesh","151601.27782625542",NA,NA,NA,NA,NA,NA,NA,NA,NA,NA,NA,NA,NA,NA,NA,97,1.5,NA,NA,NA,8.5
5,"2021","9","Himachal Pradesh","172161.79554483737",NA,NA,NA,NA,NA,NA,NA,NA,NA,NA,NA,NA,NA,NA,NA,85,NA,NA,NA,NA,NA
5,"2022","9","Himachal Pradesh","191727.59320330902",NA,NA,NA,NA,NA,NA,NA,NA,NA,NA,NA,NA,NA,NA,NA,173,NA,NA,NA,NA,NA
5,"2023","9","Himachal Pradesh","207430.31327881655",NA,NA,NA,NA,NA,NA,NA,NA,NA,NA,NA,NA,NA,NA,NA,306,NA,NA,NA,NA,NA
6,"2011","3","Assam","143174.91",8129,1307,16.078238405708,53075,13857,26.1083372585963,1760,21.6508795669824,6818,12.8459726801696,238,2.92778939598967,2405,4.53132359868111,NA,NA,2.4,10.0300988528883,-8.8049068868128,1.60353420269144,14.8
6,"2012","3","Assam","156864.23999999999",10415,1486,14.2678828612578,64106,14701,22.9323308270677,2344,22.5060009601536,8803,13.7319439678033,419,4.02304368698992,3701,5.77325055377032,328,70,2.4,8.6644479658099,-8.7740569923503,1.7502068667804,14.6
6,"2013","3","Assam","177745.22",13642,1523,11.1640521917607,79524,13833,17.3947487550928,2433,17.8346283536138,9234,11.611588954278,671,4.91863363143234,4523,5.68759116744631,300,NA,2.3,6.2306965633321,-6.2230393993358,0.76895753601397,14.5
6,"2014","3","Assam","195723.14999999999",14671,1651,11.2534932860746,93420,15587,16.6848640548063,2747,18.7240133596892,9964,10.6658103189895,761,5.18710381023788,5267,5.63797901948191,NA,NA,2.3,5.4313707687317,-8.0582030406997,0.45087520924403,15.2
6,"2015","3","Assam","227958.82000000001",18600,1767,9.5,112862,15962,14.1429356204923,2401,12.9086021505376,9127,8.08686714748985,1135,6.10215053763441,7153,6.33782849852032,NA,NA,2.3,4.6429356204923,-4.82173500304775,0.23567796088591,15
6,"2016","3","Assam","254382.35999999999",19419,1325,6.82321437767135,112721,11786,10.455904401132,2350,12.1015500283228,8337,7.39613736570825,1069,5.50491786394768,5436,4.82252641477631,237,NA,2.3,3.63269002346065,-4.70541266261455,-0.68239144917137,14.9
6,"2017","3","Assam","283164.90999999997",25189,1085,4.30743578546191,150297,9601,6.38801839025396,2254,8.94835047044345,8165,5.43257683120754,922,3.66032792091786,5422,3.60752376960285,229,NA,2.3,2.08058260479205,-3.51577363923591,-0.0528041513150099,14.7
6,"2018","3","Assam","309336.32000000001",22333,678,3.03586620695831,144579,5111,3.53509154164851,1360,6.08964312900193,5195,3.59319126567482,586,2.62391975999642,4549,3.14637672137724,215,114,2.2,0.4992253346902,-2.49645186332711,0.52245696138082,14.7
6,"2019","3","Assam","346850.67999999999",NA,NA,NA,NA,NA,NA,NA,NA,NA,NA,NA,NA,NA,NA,205,155,2.2,NA,NA,NA,14.7
6,"2020","3","Assam","339802.97999999998",NA,NA,NA,NA,NA,NA,NA,NA,NA,NA,NA,NA,NA,NA,195,183,2.1,NA,NA,NA,14.5
6,"2021","3","Assam","411453.79999999999",NA,NA,NA,NA,NA,NA,NA,NA,NA,NA,NA,NA,NA,NA,NA,169,NA,NA,NA,NA,NA
6,"2022","3","Assam","493166.60999999999",NA,NA,NA,NA,NA,NA,NA,NA,NA,NA,NA,NA,NA,NA,NA,196,NA,NA,NA,NA,NA
6,"2023","3","Assam","565400.57999999996",NA,NA,NA,NA,NA,NA,NA,NA,NA,NA,NA,NA,NA,NA,NA,127,NA,NA,NA,NA,NA
7,"2011","10","Jharkhand","150917.59",4949,977,19.7413618912912,42026,12775,30.3978489506496,1287,26.0052535865831,4929,11.7284538143054,120,2.42473226914528,1302,3.09808213962785,NA,NA,2.9,10.6564870593584,-14.2767997722777,0.67334987048257,18.1
7,"2012","10","Jharkhand","174723.69",7094,1009,14.2232872850296,53537,13575,25.3562956460018,2024,28.5311530871159,6318,11.8011842277304,122,1.71976318015224,1302,2.43196294151708,NA,89,2.8,11.1330083609722,-16.7299688593855,0.71219976136484,18
7,"2013","10","Jharkhand","188566.70999999999",8332,937,11.2457993278925,59925,11524,19.2307050479766,2274,27.2923667786846,6157,10.2745098039216,84,1.00816130580893,1036,1.72882770129328,NA,NA,2.7,7.9849057200841,-17.017856974763,0.72066639548435,17.8
7,"2014","10","Jharkhand","218525.17000000001",9934,720,7.24783571572378,71176,8712,12.2400809261549,2770,27.8840346285484,7570,10.6356075081488,50,0.50332192470304,733,1.02984151961335,NA,NA,2.8,4.99224521043112,-17.2484271203996,0.52651959491031,17.9
7,"2015","10","Jharkhand","206612.79999999999",11695,669,5.72039333048311,81363,7840,9.63582955397417,2791,23.8648995297136,9342,11.4818775118912,69,0.589995724668662,641,0.787827390828755,NA,NA,2.7,3.91543622349106,-12.3830220178224,0.197831666160093,17.7
7,"2016","10","Jharkhand","236249.72",11411,392,3.43528174568399,75961,4883,6.42829873224418,2588,22.6798703005872,7744,10.194705177657,48,0.420646744369468,489,0.643751398744092,NA,NA,2.6,2.99301698656019,-12.4851651229302,0.223104654374624,17.4
7,"2017","10","Jharkhand","269816.14000000001",14624,303,2.07193654266958,99097,3895,3.93049234588333,2339,15.9942560175055,7450,7.51788651523255,22,0.150437636761488,413,0.416763373260543,76,NA,2.5,1.85855580321375,-8.47636950227295,0.266325736499055,17.2
7,"2018","10","Jharkhand","305695.20000000001",22142,131,0.591635805256978,130976,1882,1.43690447104813,1370,6.18733628398519,4894,3.73656242365013,9,0.0406467347123114,138,0.105362814561446,71,115,2.5,0.845268665791152,-2.45077386033506,0.0647160798491346,17.1
7,"2019","10","Jharkhand","310305.35999999999",NA,NA,NA,NA,NA,NA,NA,NA,NA,NA,NA,NA,NA,NA,61,84,2.4,NA,NA,NA,17
7,"2020","10","Jharkhand","296664",NA,NA,NA,NA,NA,NA,NA,NA,NA,NA,NA,NA,NA,NA,56,95,2.4,NA,NA,NA,16.7
7,"2021","10","Jharkhand","358862.59000000003",NA,NA,NA,NA,NA,NA,NA,NA,NA,NA,NA,NA,NA,NA,NA,68,NA,NA,NA,NA,NA
7,"2022","10","Jharkhand","393722.03999999998",NA,NA,NA,NA,NA,NA,NA,NA,NA,NA,NA,NA,NA,NA,NA,80,NA,NA,NA,NA,NA
7,"2023","10","Jharkhand","NA",NA,NA,NA,NA,NA,NA,NA,NA,NA,NA,NA,NA,NA,NA,NA,66,NA,NA,NA,NA,NA
8,"2011","4","Bihar","247143.96064296618",15514,860,5.5433801727472,139430,12659,9.07910779602668,2640,17.0168879721542,9052,6.49214659685864,30,0.193373726956298,436,0.312701714121782,NA,NA,3.6,3.53572762327948,-10.5247413752956,0.119327987165484,21
8,"2012","4","Bihar","282367.93094104168",20720,984,4.74903474903475,172767,13542,7.83830245359357,4336,20.9266409266409,15341,8.87958927341448,25,0.120656370656371,483,0.27956727847332,219,165,3.5,3.08926770455882,-12.0470516532264,0.158910907816949,21.1
8,"2013","4","Bihar","317101.3413195521",27748,879,3.16779587718034,215836,12010,5.5644100150114,6283,22.6430733746576,22964,10.6395596656721,27,0.0973043102205564,395,0.183009321892548,208,NA,3.4,2.39661413783106,-12.0035137089855,0.0857050116719916,21
8,"2014","4","Bihar","342950.940686132",31725,741,2.33569739952719,237123,10321,4.3525933798071,6773,21.3490937746257,24576,10.3642413431004,22,0.0693459416863672,348,0.146759276831012,NA,NA,3.2,2.01689598027991,-10.9848524315253,0.0774133351446448,19.7
8,"2015","4","Bihar","371601.79015427618",30447,733,2.407462147338,241427,10128,4.19505689090284,5979,19.6374026997734,25026,10.3658662867036,22,0.0722567083784938,321,0.132959445298165,NA,NA,3.2,1.78759474356484,-9.2715364130698,0.0607027369196712,20.1
8,"2016","4","Bihar","421051.49986964837",31862,580,1.8203502604984,238794,8628,3.61315610944999,5445,17.0893227041617,20058,8.39970853539034,17,0.0533550938421945,277,0.115999564478169,165,NA,3.3,1.79280584895159,-8.68961416877136,0.0626444706359745,20.8
8,"2017","4","Bihar","468746.310233175",35310,426,1.20645709430756,291480,5538,1.89995883079457,4646,13.1577456811102,20261,6.95107726087553,9,0.0254885301614274,185,0.0634691917112666,165,NA,3.2,0.69350173648701,-6.20666842023467,0.0379806615498392,20.6
8,"2018","4","Bihar","527975.81995782035",44367,184,0.414722654224987,360975,2547,0.705589029711199,2681,6.0427795433543,12224,3.38638409862179,8,0.0180314197489125,102,0.0282568044878454,149,62,3.2,0.290866375486212,-2.65639544473251,0.0102253847389329,20.3
8,"2019","4","Bihar","581855.48468618526",NA,NA,NA,NA,NA,NA,NA,NA,NA,NA,NA,NA,NA,NA,130,123,3.1,NA,NA,NA,20.2
8,"2020","4","Bihar","567262.50473325443",NA,NA,NA,NA,NA,NA,NA,NA,NA,NA,NA,NA,NA,NA,118,124,3,NA,NA,NA,20
8,"2021","4","Bihar","650302.43103383109",NA,NA,NA,NA,NA,NA,NA,NA,NA,NA,NA,NA,NA,NA,NA,170,NA,NA,NA,NA,NA
8,"2022","4","Bihar","751395.59130799538",NA,NA,NA,NA,NA,NA,NA,NA,NA,NA,NA,NA,NA,NA,NA,128,NA,NA,NA,NA,NA
8,"2023","4","Bihar","NA",NA,NA,NA,NA,NA,NA,NA,NA,NA,NA,NA,NA,NA,NA,NA,97,NA,NA,NA,NA,NA
9,"2011","21","Rajasthan","434836.63657800003",20159,730,3.62121136961159,195447,13627,6.97222264859527,1644,8.1551664269061,9843,5.03614790710525,168,0.833374671362667,2763,1.41368248169581,NA,NA,3,3.35101127898368,-3.11901851980085,0.580307810333143,19.6
9,"2012","21","Rajasthan","493551.24139293999",27144,791,2.91408782788093,251588,13352,5.30708936833235,2245,8.27070439139405,13163,5.23196654848403,173,0.637341585617448,3116,1.23853283940411,255,25,2.9,2.39300154045142,-3.03873784291002,0.601191253786662,19.3
9,"2013","21","Rajasthan","551031.01634880004",33173,692,2.08603382268713,328146,12882,3.92569161287963,2240,6.75247942603925,13621,4.15089624740207,251,0.756639435685648,3658,1.11474770376601,244,NA,2.8,1.8396577901925,-2.60158317863718,0.358108268080362,19.1
9,"2014","21","Rajasthan","615641.55692599993",32650,612,1.87442572741194,331299,11434,3.45126305844569,1999,6.12251148545176,11900,3.59192149689555,173,0.529862174578867,2572,0.776337990757594,NA,NA,2.8,1.57683733103375,-2.53058998855621,0.246475816178727,18.6
9,"2015","21","Rajasthan","681482.25610999996",49141,600,1.22097637410716,426166,11065,2.59640609527743,2988,6.08046234305366,14093,3.3069273475594,172,0.350013227244053,2863,0.671803944941642,NA,NA,2.7,1.37542972117027,-2.77353499549426,0.321790717697589,18.5
9,"2016","21","Rajasthan","760587.27130200004",44139,552,1.25059471215931,403027,8788,2.18049907326308,2086,4.72597929268901,10891,2.7023003421607,168,0.380615781961531,2628,0.652065494371345,199,NA,2.7,0.92990436110377,-2.02367895052831,0.271449712409814,18.2
9,"2017","21","Rajasthan","832529.23296703806",54235,420,0.774407670323592,644412,7333,1.13793659956674,2393,4.41227989305799,14299,2.21892205607593,247,0.455425463261731,4755,0.737881976127074,186,NA,2.6,0.363528929243148,-2.19335783698206,0.282456512865343,18.1
9,"2018","21","Rajasthan","911519.46265712823",50363,188,0.373289915215535,604806,4268,0.705680829885947,1812,3.59787939558803,11676,1.9305364034087,242,0.480511486607231,5355,0.885407882858305,164,99,2.5,0.332390914670412,-1.66734299217933,0.404896396251074,18.1
9,"2019","21","Rajasthan","1000032.148417632",NA,NA,NA,NA,NA,NA,NA,NA,NA,NA,NA,NA,NA,NA,141,142,2.5,NA,NA,NA,18
9,"2020","21","Rajasthan","1017329.0265792225",NA,NA,NA,NA,NA,NA,NA,NA,NA,NA,NA,NA,NA,NA,113,74,2.4,NA,NA,NA,17.9
9,"2021","21","Rajasthan","1193488.9691347913",NA,NA,NA,NA,NA,NA,NA,NA,NA,NA,NA,NA,NA,NA,NA,141,NA,NA,NA,NA,NA
9,"2022","21","Rajasthan","1365849.0149050194",NA,NA,NA,NA,NA,NA,NA,NA,NA,NA,NA,NA,NA,NA,NA,131,NA,NA,NA,NA,NA
9,"2023","21","Rajasthan","1524030.0226363719",NA,NA,NA,NA,NA,NA,NA,NA,NA,NA,NA,NA,NA,NA,NA,113,NA,NA,NA,NA,NA
10,"2011","23","Tamil Nadu","751485.75832199992",39402,3289,8.34729201563372,132045,19772,14.9736832140558,13662,34.6733668341709,38217,28.9424059979552,1229,3.11913100857824,7756,5.87375515922602,NA,NA,1.7,6.62639119842208,-5.7309608362157,2.75462415064778,8.5
10,"2012","23","Tamil Nadu","854825.3506840854",46168,4016,8.69866574250563,161620,24399,15.0965227075857,15632,33.8589499220239,44640,27.6203440168296,1535,3.32481372379137,9673,5.98502660561812,90,45,1.7,6.39785696508007,-6.23860590519431,2.66021288182675,8.3
10,"2013","23","Tamil Nadu","968530.45244000002",56562,4331,7.65708426151833,194491,24828,12.7656292579091,17342,30.6601605318058,47212,24.2746450992591,1935,3.42102471624059,12975,6.671259852641,79,NA,1.7,5.10854499639077,-6.3855154325467,3.25023513640041,8.3
10,"2014","23","Tamil Nadu","1072677.9671179997",66657,3758,5.63781748353511,236458,22351,9.45241861133901,18213,27.3234619019758,48298,20.4256146969018,2834,4.25161648439024,22057,9.32808363430292,NA,NA,1.7,3.8146011278039,-6.897847205074,5.07646714991268,8.4
10,"2015","23","Tamil Nadu","1176500.0314159759",74552,3324,4.45863290052581,274445,20852,7.59787935651952,16588,22.2502414422148,43924,16.0046639581701,3424,4.59276746432021,26487,9.65111406657071,NA,NA,1.6,3.13924645599371,-6.2455774840447,5.0583466022505,8.5
10,"2016","23","Tamil Nadu","1302638.5807570003",79664,2829,3.5511648925487,308294,16354,5.30467670470395,14169,17.7859509941755,43316,14.0502247854321,6134,7.6998393251657,44950,14.5802383439185,66,NA,1.6,1.75351181215525,-3.7357262087434,6.8803990187528,8.7
10,"2017","23","Tamil Nadu","1465050.9092979999",97603,2308,2.36468141348114,381217,13224,3.46889042199062,12253,12.5539174000799,34330,9.00536964511027,9739,9.97817690030019,75241,19.7370526498031,63,NA,1.6,1.10420900850948,-3.54854775496963,9.75887574950291,8.3
10,"2018","23","Tamil Nadu","1630209.15243",103777,1013,0.976131512762944,407924,6358,1.55862366519254,5918,5.70261233221234,17980,4.40768378423432,12801,12.335103153878,88045,21.5836773516635,60,90,1.6,0.582492152429596,-1.29492854797802,9.2485741977855,8.3
10,"2019","23","Tamil Nadu","1743143.9600615522",NA,NA,NA,NA,NA,NA,NA,NA,NA,NA,NA,NA,NA,NA,58,84,1.5,NA,NA,NA,8.1
10,"2020","23","Tamil Nadu","1788074.368255927",NA,NA,NA,NA,NA,NA,NA,NA,NA,NA,NA,NA,NA,NA,54,69,1.4,NA,NA,NA,7.7
10,"2021","23","Tamil Nadu","2071286.1622088403",NA,NA,NA,NA,NA,NA,NA,NA,NA,NA,NA,NA,NA,NA,NA,75,NA,NA,NA,NA,NA
10,"2022","23","Tamil Nadu","2364514.0652450104",NA,NA,NA,NA,NA,NA,NA,NA,NA,NA,NA,NA,NA,NA,NA,58,NA,NA,NA,NA,NA
10,"2023","23","Tamil Nadu","2700109.0474458444",NA,NA,NA,NA,NA,NA,NA,NA,NA,NA,NA,NA,NA,NA,NA,70,NA,NA,NA,NA,NA
11,"2011","19","Odisha","230987.07519572525",17591,2051,11.6593712693991,71470,7205,10.0811529312998,1611,9.15809220624183,4272,5.97733314677487,63,0.358137684042977,267,0.373583321673429,NA,NA,2.2,-1.5782183380993,-3.18075905946696,0.015445637630452,11.6
11,"2012","19","Odisha","261699.60187156743",22059,2760,12.5118999048008,86824,9089,10.4683036948309,1813,8.21886758239267,4997,5.75532110937068,89,0.403463438959155,367,0.422694185939372,235,20,2.1,-2.0435962099699,-2.46354647302199,0.019230746980217,11.4
11,"2013","19","Odisha","296475.3751557942",26856,3263,12.1499851057492,109360,10299,9.41752011704462,2020,7.52159666368782,5659,5.17465252377469,65,0.242031575811737,341,0.311814191660571,222,NA,2.1,-2.73246498870458,-2.34694413991313,0.069782615848834,11.3
11,"2014","19","Odisha","314249.95060083369",28773,3145,10.9303861258819,108261,9734,8.99123414710745,2009,6.98224029472075,4690,4.33212329463057,91,0.316268724151114,305,0.281726568200922,NA,NA,2.1,-1.93915197877445,-2.65011700009018,-0.034542155950192,11.5
11,"2015","19","Odisha","328549.50299364119",33118,3205,9.67751675825835,125157,9539,7.62162723619134,1561,4.71344887976327,3804,3.03938253553537,99,0.298931094872879,396,0.316402598336489,NA,NA,2,-2.05588952206701,-1.6740663442279,0.01747150346361,11.6
11,"2016","19","Odisha","392803.67479549651",38137,2869,7.52287804494323,146174,8892,6.08316116409211,1326,3.47693840627212,3187,2.18027829846621,72,0.188793035634685,340,0.232599504699878,180,NA,2,-1.43971688085112,-1.29666010780591,0.043806469065193,10.8
11,"2017","19","Odisha","440395.31674427388",48195,2705,5.61261541653699,199053,7954,3.99592068444083,1297,2.69115053428779,2899,1.4563960352268,124,0.257288100425355,900,0.45214088710042,168,NA,1.9,-1.61669473209616,-1.23475449906099,0.194852786675065,10.9
11,"2018","19","Odisha","498611.25706471188",42134,1046,2.48255565576494,167539,3060,1.8264404108894,386,0.916124744861632,871,0.519878953557082,30,0.0712014050410595,153,0.0913220205444703,150,127,1.9,-0.65611524487554,-0.39624579130455,0.0201206155034108,10.9
11,"2019","19","Odisha","537501.70985380688",NA,NA,NA,NA,NA,NA,NA,NA,NA,NA,NA,NA,NA,NA,136,219,1.8,NA,NA,NA,10.8
11,"2020","19","Odisha","540150.44420926447",NA,NA,NA,NA,NA,NA,NA,NA,NA,NA,NA,NA,NA,NA,119,80,1.8,NA,NA,NA,10.4
11,"2021","19","Odisha","662885.59634526016",NA,NA,NA,NA,NA,NA,NA,NA,NA,NA,NA,NA,NA,NA,NA,86,NA,NA,NA,NA,NA
11,"2022","19","Odisha","753177.02258013294",NA,NA,NA,NA,NA,NA,NA,NA,NA,NA,NA,NA,NA,NA,NA,171,NA,NA,NA,NA,NA
11,"2023","19","Odisha","832790.31995937193",NA,NA,NA,NA,NA,NA,NA,NA,NA,NA,NA,NA,NA,NA,NA,68,NA,NA,NA,NA,NA
13,"2011","26","Uttar Pradesh","724050.44321742316",84661,1338,1.58042073682097,566837,15564,2.74576289127209,15188,17.939783371328,51318,9.05339630264079,694,0.819739903851833,7483,1.32013259543749,NA,NA,3.4,1.16534215445112,-8.88638706868721,0.500392691585657,20
13,"2012","26","Uttar Pradesh","822392.91760701861",110897,1623,1.46352020343201,707625,17027,2.40621798268857,20737,18.6993336158778,64507,9.1159865748101,618,0.55727386674121,6478,0.915456633103692,292,37,3.3,0.94269777925656,-9.5833470410677,0.358182766362482,19.7
13,"2013","26","Uttar Pradesh","940356.43498311995",122179,1588,1.29973235989818,715402,14448,2.01956382565327,24392,19.9641509588391,67094,9.3785032750817,441,0.360945825387342,5645,0.789066846332552,285,NA,3.1,0.71983146575509,-10.5856476837574,0.42812102094521,19.5
13,"2014","26","Uttar Pradesh","1011789.664659169",138018,1473,1.06725209755249,816657,13076,1.6011618096704,27569,19.9749308061267,72657,8.89688082022195,515,0.373139735396832,6065,0.742661851915798,NA,NA,3.2,0.53390971211791,-11.0780499859047,0.369522116518966,19.6
13,"2015","26","Uttar Pradesh","1137807.9408069921",171348,1587,0.926185307094334,1254730,14913,1.18854255497199,25947,15.1428671475594,78993,6.29561738381963,555,0.323902234050004,10042,0.800331545432085,NA,NA,3.1,0.262357247877656,-8.84724976373977,0.476429311382081,19.5
13,"2016","26","Uttar Pradesh","1288700.225156199",207863,1213,0.583557439274907,1468516,12388,0.843572695156198,27910,13.4271130504226,67129,4.57121338820959,520,0.250164771989243,8992,0.612318830710731,201,NA,3.1,0.260015255881291,-8.85589966221301,0.362154058721488,19.3
13,"2017","26","Uttar Pradesh","1439925.4956312755",235969,773,0.327585403167365,1686187,10513,0.623477704430173,21072,8.92998656603198,62119,3.68399234485855,308,0.130525619890748,7099,0.421009057714239,216,NA,3,0.295892301262808,-5.24599422117343,0.290483437823491,19.2
13,"2018","26","Uttar Pradesh","1582180.0492200274",230976,518,0.224265724577445,1788339,6724,0.375991352869898,9055,3.92032072596287,38348,2.14433616892547,497,0.21517387087836,8799,0.49202080813537,197,105,2.9,0.151725628292453,-1.7759845570374,0.27684693725701,19
13,"2019","26","Uttar Pradesh","1700061.8124299999",NA,NA,NA,NA,NA,NA,NA,NA,NA,NA,NA,NA,NA,NA,167,61,2.9,NA,NA,NA,18.9
13,"2020","26","Uttar Pradesh","1644946.493925018",NA,NA,NA,NA,NA,NA,NA,NA,NA,NA,NA,NA,NA,NA,167,102,2.7,NA,NA,NA,18.7
13,"2021","26","Uttar Pradesh","1975594.5392949542",NA,NA,NA,NA,NA,NA,NA,NA,NA,NA,NA,NA,NA,NA,NA,131,NA,NA,NA,NA,NA
13,"2022","26","Uttar Pradesh","2258039.9254698008",NA,NA,NA,NA,NA,NA,NA,NA,NA,NA,NA,NA,NA,NA,NA,88,NA,NA,NA,NA,NA
13,"2023","26","Uttar Pradesh","2547861.192448277",NA,NA,NA,NA,NA,NA,NA,NA,NA,NA,NA,NA,NA,NA,NA,106,NA,NA,NA,NA,NA
14,"2011","8","Haryana","297538.52068239864",17767,1086,6.11245567625373,126758,24150,19.0520519414948,5479,30.8380705802893,25099,19.8007226368355,301,1.69415207969832,5388,4.2506192903012,NA,NA,2.3,12.9395962652411,-11.0373479434538,2.55646721060288,15.4
14,"2012","8","Haryana","347032.01266926259",23457,1196,5.09869122223643,155783,28236,18.1252126355251,7054,30.0720467237925,29384,18.8621351495349,449,1.91414076821418,9361,6.00899969829827,146,50,2.3,13.0265214132887,-11.2099115742576,4.09485893008409,15.1
14,"2013","8","Haryana","399268.11618977698",28564,1487,5.2058535219157,197664,32776,16.5816739517565,7623,26.6874387340709,31692,16.0332685769791,594,2.07954068057695,14687,7.43028573741298,127,NA,2.2,11.3758204298408,-10.6541701570918,5.35074505683603,15
14,"2014","8","Haryana","437144.71134774183",36323,1580,4.34986096963357,267934,33858,12.6366941112363,8357,23.0074608374859,34973,13.0528413713825,1257,3.46061723976544,22410,8.3640000895743,NA,NA,2.3,8.28683314160273,-9.9546194661034,4.90338284980886,15
14,"2015","8","Haryana","495504.10861662967",41373,1334,3.22432504290238,341535,29649,8.68110149765031,8031,19.411210209557,33082,9.68626934281992,3172,7.66683585913519,40236,11.7809302121305,NA,NA,2.2,5.45677645474793,-9.72494086673708,4.11409435299531,14.8
14,"2016","8","Haryana","561424.1711553171",42445,870,2.04971139121216,392414,19808,5.04773020330569,6138,14.4610672635175,23756,6.05381051644437,3620,8.52868417952645,50102,12.7676382595932,101,NA,2.3,2.99801881209353,-8.40725674707313,4.23895408006675,14.8
14,"2017","8","Haryana","638832.07542019372",44842,545,1.21537843985549,408340,13852,3.39227114659352,3969,8.8510771152045,16016,3.92222167801342,4336,9.66950626644664,49539,12.1318019297644,98,NA,2.2,2.17689270673803,-4.92885543719108,2.46229566331776,14.7
14,"2018","8","Haryana","698939.75926603714",50876,198,0.3891815394292,440643,5444,1.23546726034454,1625,3.19404041198207,7160,1.62489816018863,2355,4.62890164321094,26310,5.97081991544175,91,120,2.2,0.84628572091534,-1.56914225179344,1.34191827223081,14.4
14,"2019","8","Haryana","738052.37816388253",NA,NA,NA,NA,NA,NA,NA,NA,NA,NA,NA,NA,NA,NA,96,89,2.1,NA,NA,NA,14.2
14,"2020","8","Haryana","729078.6502693668",NA,NA,NA,NA,NA,NA,NA,NA,NA,NA,NA,NA,NA,NA,110,84,2,NA,NA,NA,13.8
14,"2021","8","Haryana","868905.4076692838",NA,NA,NA,NA,NA,NA,NA,NA,NA,NA,NA,NA,NA,NA,NA,95,NA,NA,NA,NA,NA
14,"2022","8","Haryana","984055.43566478486",NA,NA,NA,NA,NA,NA,NA,NA,NA,NA,NA,NA,NA,NA,NA,94,NA,NA,NA,NA,NA
14,"2023","8","Haryana","1095535.064313587",NA,NA,NA,NA,NA,NA,NA,NA,NA,NA,NA,NA,NA,NA,NA,82,NA,NA,NA,NA,NA
15,"2011","27","Uttarakhand","115327.57305300309",3826,167,4.36487192890748,30264,2296,7.58657150409728,1280,33.4553058024046,6540,21.6098334655036,53,1.38525875588082,756,2.49801744647105,NA,NA,NA,3.2216995751898,-11.845472336901,1.11275869059023,12.8
15,"2012","27","Uttarakhand","131612.84475581115",7042,214,3.03890940073843,48869,2816,5.7623442264012,2607,37.0207327463789,12871,26.3377601342364,72,1.02243680772508,1163,2.3798317952076,NA,200,NA,2.72343482566277,-10.6829726121425,1.35739498748252,12.4
15,"2013","27","Uttarakhand","149074.39382733929",7799,161,2.06436722656751,66503,3076,4.62535524713171,1886,24.1825875112194,10040,15.0970632903779,91,1.16681625849468,1200,1.80442987534397,NA,NA,NA,2.5609880205642,-9.0855242208415,0.63761361684929,12.1
15,"2014","27","Uttarakhand","161438.91902779124",8496,158,1.85969868173258,83828,2506,2.98945459750919,1697,19.9741054613936,8052,9.60538244977812,103,1.2123352165725,1370,1.63429880230949,NA,NA,2,1.12975591577661,-10.3687230116155,0.42196358573699,12.2
15,"2015","27","Uttarakhand","177163.02252828321",7999,146,1.82522815351919,67993,2176,3.20032944567823,1508,18.8523565445681,7767,11.4232347447531,58,0.725090636329541,1335,1.96343741267483,NA,NA,2,1.37510129215904,-7.429121799815,1.23834677634529,11.4
15,"2016","27","Uttarakhand","195124.84802337774",8663,122,1.40828812189773,71941,1799,2.50066026327129,1454,16.7840240101581,7523,10.4571801893218,68,0.78494747777906,1254,1.74309503621023,NA,NA,1.9,1.09237214137356,-6.3268438208363,0.95814755843117,9.9
15,"2017","27","Uttarakhand","220222.13133078735",11449,94,0.821032404576819,92370,1609,1.74190754573996,1410,12.3154860686523,6165,6.67424488470283,100,0.873438728273212,1552,1.68019919887409,89,NA,1.9,0.920875141163141,-5.64124118394947,0.806760470600878,10.6
15,"2018","27","Uttarakhand","230327.40896525522",12475,75,0.601202404809619,119560,1062,0.888256942121111,835,6.69338677354709,4610,3.85580461692874,237,1.8997995991984,5292,4.42622950819672,99,238,1.8,0.287054537311492,-2.83758215661835,2.52642990899832,10.6
15,"2019","27","Uttarakhand","239262.87650609642",NA,NA,NA,NA,NA,NA,NA,NA,NA,NA,NA,NA,NA,NA,101,300,1.9,NA,NA,NA,11
15,"2020","27","Uttarakhand","225616.76360063898",NA,NA,NA,NA,NA,NA,NA,NA,NA,NA,NA,NA,NA,NA,103,155,1.8,NA,NA,NA,10.4
15,"2021","27","Uttarakhand","267143.19085157459",NA,NA,NA,NA,NA,NA,NA,NA,NA,NA,NA,NA,NA,NA,NA,125,NA,NA,NA,NA,NA
15,"2022","27","Uttarakhand","303780.73555556522",NA,NA,NA,NA,NA,NA,NA,NA,NA,NA,NA,NA,NA,NA,NA,164,NA,NA,NA,NA,NA
15,"2023","27","Uttarakhand","346206.43783351505",NA,NA,NA,NA,NA,NA,NA,NA,NA,NA,NA,NA,NA,NA,NA,102,NA,NA,NA,NA,NA
16,"2011","28","West Bengal","520485.04541790928",20375,1296,6.36073619631902,102285,14150,13.833895488097,6302,30.9300613496933,20976,20.5074057779733,162,0.795092024539877,2336,2.28381483110916,NA,NA,1.7,7.47315929177798,-10.42265557172,1.48872280656928,10.1
16,"2012","28","West Bengal","591464.69914345269",26399,1444,5.46990416303648,144080,16106,11.1785119378123,7879,29.8458274934657,27889,19.3566074403109,489,1.8523428917762,8040,5.58023320377568,117,64,1.7,5.70860777477582,-10.4892200531548,3.72789031199948,9.7
16,"2013","28","West Bengal","676848.74027951853",26759,1484,5.54579767554841,155159,17082,11.0093516972912,7960,29.7470010090063,28119,18.1226999400615,1091,4.07713292723943,13555,8.73619964036891,113,NA,1.6,5.46355402174279,-11.6243010689448,4.65906671312948,9.6
16,"2014","28","West Bengal","718081.62876747828",29380,1586,5.39823008849558,173131,18052,10.4267866528813,8465,28.8121170864534,30314,17.5092848767696,1086,3.69639210347175,12366,7.14256834420179,NA,NA,1.6,5.02855656438572,-11.3028322096838,3.44617624073004,9.5
16,"2015","28","West Bengal","797299.94860675046",44054,2135,4.84632496481591,266448,24450,9.176274545127,12300,27.9202796567849,46279,17.3688674713265,738,1.67521677940709,14299,5.36652555095178,NA,NA,1.6,4.32994958031109,-10.5514121854584,3.69130877154469,9.6
16,"2016","28","West Bengal","872527.22981607134",42642,1940,4.54950518268374,244758,20630,8.42873368796934,10209,23.9411847474321,33977,13.8818751583196,664,1.55715022747526,12331,5.03803757180562,101,NA,1.6,3.8792285052856,-10.0593095891125,3.48088734433036,9.6
16,"2017","28","West Bengal","974700.04939016257",51938,1934,3.7236705302476,315625,21341,6.76150495049505,10068,19.3846509299549,32509,10.2998811881188,1483,2.85532750587239,31603,10.0128316831683,94,NA,1.6,3.03783442024745,-9.0847697418361,7.15750417729591,9.4
16,"2018","28","West Bengal","1102053.6556431921",52185,1114,2.13471304014564,345620,11216,3.2451825704531,5633,10.7942895468046,17310,5.00839071812974,2442,4.67950560505892,51366,14.8619871535212,98,60,1.5,1.11046953030746,-5.78589882867486,10.1824815484623,9.3
16,"2019","28","West Bengal","1179127.4620320348",NA,NA,NA,NA,NA,NA,NA,NA,NA,NA,NA,NA,NA,NA,109,37,1.5,NA,NA,NA,9.6
16,"2020","28","West Bengal","1141802.2092445439",NA,NA,NA,NA,NA,NA,NA,NA,NA,NA,NA,NA,NA,NA,103,49,1.4,NA,NA,NA,9.1
16,"2021","28","West Bengal","1329238.3958166677",NA,NA,NA,NA,NA,NA,NA,NA,NA,NA,NA,NA,NA,NA,NA,35,NA,NA,NA,NA,NA
16,"2022","28","West Bengal","1531758.3380709405",NA,NA,NA,NA,NA,NA,NA,NA,NA,NA,NA,NA,NA,NA,NA,35,NA,NA,NA,NA,NA
16,"2023","28","West Bengal","1700939.3600824755",NA,NA,NA,NA,NA,NA,NA,NA,NA,NA,NA,NA,NA,NA,NA,47,NA,NA,NA,NA,NA
17,"2011","7","Gujarat","615606.07413650793",43246,2079,4.80738102945937,236006,11851,5.02148250468208,3231,7.47121121028534,18902,8.00911841224376,117,0.270545252740138,1002,0.424565477148886,NA,NA,2.4,0.21410147522271,0.53790720195842,0.154020224408748,14.6
17,"2012","7","Gujarat","724495.36123287585",55878,3200,5.72676187408282,279421,15997,5.72505287719964,3452,6.17774437166685,19223,6.87958313798891,99,0.177171695479437,1098,0.392955432841483,122,17,2.3,-0.00170899688318027,0.70183876632206,0.215783737362046,14.4
17,"2013","7","Gujarat","807623.19396636775",70691,3910,5.53111428611846,346252,20324,5.86971338793711,3117,4.40933074931745,16824,4.85888890172476,151,0.213605692379511,1391,0.401730531520396,112,NA,2.3,0.33859910181865,0.44955815240731,0.188124839140885,14.3
17,"2014","7","Gujarat","921773.14687412977",79839,8780,10.9971317276018,387809,28897,7.45134847308856,3007,3.76632973859893,16680,4.30108635952234,172,0.21543356003958,1570,0.404838464295568,NA,NA,2.3,-3.54578325451324,0.53475662092341,0.189404904255988,14.5
17,"2015","7","Gujarat","1029009.7408125672",81167,12026,14.8163662572228,400196,33453,8.35915401453288,3223,3.97082558182513,16392,4.09599296344791,158,0.194660391538433,1846,0.461273975751882,NA,NA,2.2,-6.45721224268992,0.12516738162278,0.266613584213449,14.3
17,"2016","7","Gujarat","1167155.5792687687",94870,15615,16.4593654474544,445270,38852,8.72549239787095,2605,2.74586275956572,13406,3.01075751791048,162,0.170759987351112,1951,0.438161115727536,91,NA,2.2,-7.73387304958345,0.26489475834476,0.267401128376424,14
17,"2017","7","Gujarat","1329094.7708685417",79574,11958,15.0275215522658,450734,32127,7.12770725083974,1901,2.38897127202353,9510,2.10989186526865,185,0.232487998592505,2496,0.553763417004264,87,NA,2.2,-7.89981430142606,-0.27907940675488,0.321275418411759,13.7
17,"2018","7","Gujarat","1492155.7133025562",72597,8735,12.0321776381944,464957,28646,6.16099983439329,766,1.05514001956004,4936,1.06160354613437,248,0.341611912337975,4480,0.963529960835088,75,43,2.1,-5.87117780380111,0.00646352657433003,0.621918048497113,13.8
17,"2019","7","Gujarat","1617143.1996297729",NA,NA,NA,NA,NA,NA,NA,NA,NA,NA,NA,NA,NA,NA,70,25,2.1,NA,NA,NA,13.9
17,"2020","7","Gujarat","1616106.3610757305",NA,NA,NA,NA,NA,NA,NA,NA,NA,NA,NA,NA,NA,NA,57,34,2,NA,NA,NA,13.7
17,"2021","7","Gujarat","1928682.8581863735",NA,NA,NA,NA,NA,NA,NA,NA,NA,NA,NA,NA,NA,NA,NA,71,NA,NA,NA,NA,NA
17,"2022","7","Gujarat","2230608.5782644278",NA,NA,NA,NA,NA,NA,NA,NA,NA,NA,NA,NA,NA,NA,NA,29,NA,NA,NA,NA,NA
17,"2023","7","Gujarat","NA",NA,NA,NA,NA,NA,NA,NA,NA,NA,NA,NA,NA,NA,NA,NA,33,NA,NA,NA,NA,NA
18,"2011","5","Chhattisgarh","158073.82094574941",3828,573,14.9686520376176,30705,7275,23.6932095749878,595,15.5433646812957,2758,8.9822504478098,53,1.38453500522466,662,2.15600065135971,NA,NA,2.7,8.7245575373702,-6.5611142334859,0.77146564613505,17
18,"2012","5","Chhattisgarh","177511.32912815904",7800,1119,14.3461538461538,60477,11897,19.6719413992096,1350,17.3076923076923,6743,11.1496932718223,94,1.20512820512821,1238,2.04705921259322,NA,47,2.7,5.3257875530558,-6.15799903587,0.84193100746501,16.6
18,"2013","5","Chhattisgarh","206833.17999999999",6364,760,11.9421747328724,47351,8748,18.4747946189098,957,15.0377121307354,4336,9.15714557242719,66,1.03708359522313,844,1.78243331714219,NA,NA,2.6,6.5326198860374,-5.88056655830821,0.74534972191906,16.5
18,"2014","5","Chhattisgarh","221118.10999999999",12166,1231,10.1183626500082,105416,12950,12.2846626698034,1417,11.6472135459477,5676,5.38438187751385,133,1.09321058688147,2748,2.60681490475829,NA,NA,2.6,2.1663000197952,-6.26283166843385,1.51360431787682,15.7
18,"2015","5","Chhattisgarh","225162.98999999999",14306,1452,10.1495875856284,126203,14013,11.1035395355102,1425,9.9608555850692,5943,4.70907981585224,120,0.838808891374249,1883,1.49204060125354,NA,NA,2.5,0.9539519498818,-5.25177576921696,0.653231709879291,15.7
18,"2016","5","Chhattisgarh","262801.75",16419,1361,8.28917717278762,138146,12687,9.18376210675662,1472,8.96522321700469,4973,3.59981468880749,75,0.456787867714234,1457,1.05468127922633,NA,NA,2.5,0.894584933969,-5.3654085281972,0.597893411512096,15.4
18,"2017","5","Chhattisgarh","282737.44",17304,993,5.73855755894591,145942,8981,6.15381452905949,1184,6.84234858992141,4182,2.86552191966672,82,0.473878871937124,1889,1.29434981019857,141,NA,2.4,0.41525697011358,-3.97682667025469,0.820470938261446,15.1
18,"2018","5","Chhattisgarh","327106.65999999997",18496,432,2.3356401384083,164641,4004,2.43195801774771,755,4.08196366782007,2580,1.5670458755717,42,0.227076124567474,845,0.513237893355847,159,114,2.4,0.0963178793394097,-2.51491779224837,0.286161768788373,14.5
18,"2019","5","Chhattisgarh","344672.03999999998",NA,NA,NA,NA,NA,NA,NA,NA,NA,NA,NA,NA,NA,NA,160,78,2.3,NA,NA,NA,14.9
18,"2020","5","Chhattisgarh","352327.51000000001",NA,NA,NA,NA,NA,NA,NA,NA,NA,NA,NA,NA,NA,NA,137,94,2.2,NA,NA,NA,14.1
18,"2021","5","Chhattisgarh","410524.90999999997",NA,NA,NA,NA,NA,NA,NA,NA,NA,NA,NA,NA,NA,NA,NA,70,NA,NA,NA,NA,NA
18,"2022","5","Chhattisgarh","464398.98999999999",NA,NA,NA,NA,NA,NA,NA,NA,NA,NA,NA,NA,NA,NA,NA,87,NA,NA,NA,NA,NA
18,"2023","5","Chhattisgarh","505886.51000000001",NA,NA,NA,NA,NA,NA,NA,NA,NA,NA,NA,NA,NA,NA,NA,102,NA,NA,NA,NA,NA
19,"2011","17","Mizoram","7258.6899999999996",311,58,18.6495176848875,177,33,18.6440677966102,9,2.89389067524116,6,3.38983050847458,92,29.5819935691318,55,31.0734463276836,NA,NA,NA,-0.00544988827729753,0.49593983323342,1.4914527585518,12.2
19,"2012","17","Mizoram","8361.9300000000003",808,72,8.91089108910891,529,39,7.37240075614367,18,2.22772277227723,16,3.02457466918715,362,44.8019801980198,226,42.7221172022684,NA,67,NA,-1.53849033296524,0.79685189690992,-2.0798629957514,11.9
19,"2013","17","Mizoram","10293.370385",522,42,8.04597701149425,349,30,8.59598853868195,22,4.21455938697318,14,4.01146131805158,235,45.0191570881226,135,38.6819484240688,NA,NA,NA,0.550011527187701,-0.2030980689216,-6.3372086640538,11.8
19,"2014","17","Mizoram","13509.4",290,21,7.24137931034483,181,19,10.4972375690608,7,2.41379310344828,13,7.18232044198895,40,13.7931034482759,24,13.2596685082873,NA,NA,NA,3.25585825871597,4.76852733854067,-0.5334349399886,12.1
19,"2015","17","Mizoram","15138.856960778097",461,44,9.54446854663774,337,47,13.946587537092,3,0.650759219088937,4,1.18694362017804,56,12.1475054229935,39,11.5727002967359,NA,NA,NA,4.40211899045426,0.536184401089103,-0.574805126257601,12
19,"2016","17","Mizoram","17191.908113034027",426,13,3.05164319248826,307,13,4.23452768729642,8,1.87793427230047,6,1.95439739413681,52,12.2065727699531,38,12.3778501628664,NA,NA,NA,1.18288449480816,0.0764631218363401,0.1712773929133,11.3
19,"2017","17","Mizoram","19385.329466151317",713,14,1.96353436185133,556,20,3.59712230215827,11,1.54277699859748,6,1.07913669064748,136,19.0743338008415,101,18.1654676258993,NA,NA,NA,1.63358794030694,-0.46364030795,-0.908866174942201,11
19,"2018","17","Mizoram","21912.082935199571",527,2,0.379506641366224,307,2,0.651465798045603,5,0.94876660341556,5,1.62866449511401,29,5.50284629981025,17,5.53745928338762,NA,177,NA,0.271959156679379,0.67989789169845,0.0346129835773699,10.7
19,"2019","17","Mizoram","24989.601000000002",NA,NA,NA,NA,NA,NA,NA,NA,NA,NA,NA,NA,NA,NA,NA,127,NA,NA,NA,NA,10.5
19,"2020","17","Mizoram","23922.944442960623",NA,NA,NA,NA,NA,NA,NA,NA,NA,NA,NA,NA,NA,NA,NA,88,NA,NA,NA,NA,10.2
19,"2021","17","Mizoram","27823.500212930147",NA,NA,NA,NA,NA,NA,NA,NA,NA,NA,NA,NA,NA,NA,NA,42,NA,NA,NA,NA,NA
19,"2022","17","Mizoram","NA",NA,NA,NA,NA,NA,NA,NA,NA,NA,NA,NA,NA,NA,NA,NA,101,NA,NA,NA,NA,NA
19,"2023","17","Mizoram","NA",NA,NA,NA,NA,NA,NA,NA,NA,NA,NA,NA,NA,NA,NA,NA,49,NA,NA,NA,NA,NA
20,"2011","25","Tripura","19208.41",874,130,14.8741418764302,5972,1369,22.9236436704622,92,10.5263157894737,341,5.70997990622907,11,1.25858123569794,173,2.89685197588748,NA,NA,NA,8.049501794032,-4.81633588324463,1.63827074018954,9.4
20,"2012","25","Tripura","21663.200000000001",1211,151,12.4690338563171,7994,1729,21.6287215411559,113,9.33113129644922,478,5.9794846134601,28,2.3121387283237,299,3.74030522892169,NA,564,NA,9.1596876848388,-3.35164668298912,1.42816650059799,9.2
20,"2013","25","Tripura","25592.830000000002",1377,142,10.3122730573711,9479,1807,19.063192319865,114,8.27886710239651,533,5.62295600801772,14,1.01670297748729,284,2.9960966346661,NA,NA,NA,8.7509192624939,-2.65591109437879,1.97939365717881,9
20,"2014","25","Tripura","29533.459999999999",1468,114,7.76566757493188,9784,1317,13.4607522485691,156,10.6267029972752,578,5.90760425183974,20,1.36239782016349,209,2.13614063777596,NA,NA,NA,5.69508467363722,-4.71909874543546,0.77374281761247,10.2
20,"2015","25","Tripura","35937.730000000003",1405,81,5.76512455516014,8655,915,10.5719237435009,143,10.1779359430605,647,7.47544771808203,29,2.06405693950178,360,4.15944540727903,NA,NA,NA,4.80679918834076,-2.70248822497847,2.09538846777725,9.5
20,"2016","25","Tripura","39479.400000000001",1535,87,5.66775244299674,10019,1123,11.2087034634195,173,11.2703583061889,614,6.1283561233656,22,1.43322475570033,330,3.29374189040822,NA,NA,NA,5.54095102042276,-5.1420021828233,1.86051713470789,8.2
20,"2017","25","Tripura","43715.800000000003",1532,78,5.09138381201044,9426,878,9.31466157436877,133,8.68146214099217,705,7.47931253978358,28,1.82767624020888,138,1.4640356460853,NA,NA,NA,4.22327776235833,-1.20214960120859,-0.36364059412358,7.8
20,"2018","25","Tripura","49823.32",1427,38,2.66292922214436,8857,473,5.34040871626962,94,6.58724597056762,306,3.45489443378119,8,0.560616678346181,71,0.801625832674721,NA,197,NA,2.67747949412526,-3.13235153678643,0.24100915432854,7.5
20,"2019","25","Tripura","54151.120000000003",NA,NA,NA,NA,NA,NA,NA,NA,NA,NA,NA,NA,NA,NA,NA,301,NA,NA,NA,NA,7.4
20,"2020","25","Tripura","53504.120000000003",NA,NA,NA,NA,NA,NA,NA,NA,NA,NA,NA,NA,NA,NA,NA,42,NA,NA,NA,NA,6.9
20,"2021","25","Tripura","62550.440000000002",NA,NA,NA,NA,NA,NA,NA,NA,NA,NA,NA,NA,NA,NA,NA,57,NA,NA,NA,NA,NA
20,"2022","25","Tripura","72635.618472012051",NA,NA,NA,NA,NA,NA,NA,NA,NA,NA,NA,NA,NA,NA,NA,49,NA,NA,NA,NA,NA
20,"2023","25","Tripura","NA",NA,NA,NA,NA,NA,NA,NA,NA,NA,NA,NA,NA,NA,NA,NA,38,NA,NA,NA,NA,NA
21,"2011","16","Meghalaya","19917.748378994918",132,4,3.03030303030303,551,27,4.90018148820327,4,3.03030303030303,37,6.71506352087114,0,0,10,1.81488203266788,NA,NA,NA,1.86987845790024,3.68476049056811,1.81488203266788,16.3
21,"2012","16","Meghalaya","21872.023727052358",447,6,1.34228187919463,1398,47,3.36194563662375,47,10.5145413870246,90,6.43776824034335,0,0,9,0.643776824034335,NA,37,NA,2.01966375742912,-4.07677314668125,0.643776824034335,16.5
21,"2013","16","Meghalaya","22938.236084605836",326,8,2.45398773006135,1038,43,4.14258188824663,18,5.52147239263804,26,2.50481695568401,3,0.920245398773006,13,1.252408477842,NA,NA,NA,1.68859415818528,-3.01665543695403,0.332163079068994,16.4
21,"2014","16","Meghalaya","23234.534698019819",885,7,0.790960451977401,2520,63,2.5,14,1.5819209039548,41,1.62698412698413,1,0.112994350282486,29,1.15079365079365,NA,NA,NA,1.7090395480226,0.0450632230293302,1.03779930051116,16.6
21,"2015","16","Meghalaya","25117.363740837729",847,4,0.472255017709563,2986,74,2.47823174815807,22,2.5974025974026,46,1.54052243804421,6,0.708382526564345,28,0.937709310113865,NA,NA,NA,2.00597673044851,-1.05688015935839,0.22932678354952,16.3
21,"2016","16","Meghalaya","27438.623853801935",1399,1,0.0714796283059328,2789,41,1.47006095374686,61,4.3602573266619,54,1.93617784152026,4,0.285918513223731,38,1.36249551810685,NA,NA,NA,1.39858132544093,-2.42407948514164,1.07657700488312,17.1
21,"2017","16","Meghalaya","29508.303494313113",3046,6,0.196979645436638,3470,40,1.15273775216138,110,3.6112934996717,63,1.81556195965418,23,0.755088640840446,120,3.45821325648415,NA,NA,NA,0.955758106724742,-1.79573154001752,2.7031246156437,16.7
21,"2018","16","Meghalaya","32175.815762662944",777,6,0.772200772200772,2353,48,2.03994900127497,25,3.21750321750322,59,2.50743731406715,35,4.5045045045045,118,5.0148746281343,NA,89,NA,1.2677482290742,-0.71006590343607,0.5103701236298,16.3
21,"2019","16","Meghalaya","34770.401147597178",NA,NA,NA,NA,NA,NA,NA,NA,NA,NA,NA,NA,NA,NA,NA,133,NA,NA,NA,NA,17.7
21,"2020","16","Meghalaya","33776.162709044685",NA,NA,NA,NA,NA,NA,NA,NA,NA,NA,NA,NA,NA,NA,NA,183,NA,NA,NA,NA,17.6
21,"2021","16","Meghalaya","38784.69687652251",NA,NA,NA,NA,NA,NA,NA,NA,NA,NA,NA,NA,NA,NA,NA,110,NA,NA,NA,NA,NA
21,"2022","16","Meghalaya","42697.080584759598",NA,NA,NA,NA,NA,NA,NA,NA,NA,NA,NA,NA,NA,NA,NA,123,NA,NA,NA,NA,NA
21,"2023","16","Meghalaya","47380.9465620802",NA,NA,NA,NA,NA,NA,NA,NA,NA,NA,NA,NA,NA,NA,NA,180,NA,NA,NA,NA,NA
22,"2011","20","Punjab","266628.27237507072",21819,928,4.25317383931436,124486,14541,11.6808315794547,8188,37.5269260736056,34115,27.4046880773742,571,2.61698519638847,8764,7.04014909307071,NA,NA,1.8,7.42765774014034,-10.1222379962314,4.42316389668224,9.4
22,"2012","20","Punjab","297733.82155862049",32376,1170,3.61378799110452,180956,17321,9.57194014014457,11395,35.1958240672103,47159,26.0610314109507,940,2.90338522362244,14263,7.88202656999492,155,36,1.7,5.95815214904005,-9.1347926562596,4.97864134637248,9.1
22,"2013","20","Punjab","332146.93566267547",38728,1395,3.60204503201818,225416,20291,9.00157930226781,12505,32.2892997314604,52591,23.3306420129893,1177,3.0391448047924,18052,8.00830464563296,141,NA,1.7,5.39953427024963,-8.9586577184711,4.96915984084056,9
22,"2014","20","Punjab","355101.82000000001",44243,1340,3.02872770833804,258750,19043,7.35961352657005,13432,30.3596049092512,54740,21.1555555555556,1311,2.96318061614267,21943,8.48038647342995,NA,NA,1.7,4.33088581823201,-9.2040493536956,5.51720585728728,9.1
22,"2015","20","Punjab","390087.44",47663,1218,2.55544132765458,281999,18165,6.44151220394399,13225,27.7468896208799,52830,18.7341089862021,1228,2.57642196252859,20941,7.42591285784701,NA,NA,1.7,3.88607087628941,-9.0127806346778,4.84949089531842,9.1
22,"2016","20","Punjab","426988.09868090518",49145,947,1.92695085970088,309928,14412,4.65011228414341,11532,23.4652558754705,47819,15.4290673962985,1045,2.12636076915251,18161,5.85974807051961,122,NA,1.7,2.72316142444253,-8.036188479172,3.7333873013671,9
22,"2017","20","Punjab","471013.60774965258",59063,689,1.16655097099707,406443,10543,2.59396766582276,9205,15.5850532482265,39421,9.69902298723314,1302,2.20442578263888,24001,5.90513306908964,122,NA,1.6,1.42741669482569,-5.88603026099336,3.70070728645076,7.9
22,"2018","20","Punjab","512509.68888112454",59656,315,0.528027356845917,400620,5277,1.31720832709301,4374,7.3320370122033,23125,5.77230293045779,806,1.35107952259622,17027,4.2501622485148,129,135,1.6,0.789180970247093,-1.55973408174551,2.89908272591858,8.2
22,"2019","20","Punjab","537031.04242631106",NA,NA,NA,NA,NA,NA,NA,NA,NA,NA,NA,NA,NA,NA,114,113,1.5,NA,NA,NA,7.9
22,"2020","20","Punjab","540852.6120147648",NA,NA,NA,NA,NA,NA,NA,NA,NA,NA,NA,NA,NA,NA,105,116,1.5,NA,NA,NA,7.1
22,"2021","20","Punjab","617191.68601003045",NA,NA,NA,NA,NA,NA,NA,NA,NA,NA,NA,NA,NA,NA,NA,103,NA,NA,NA,NA,NA
22,"2022","20","Punjab","676164.28055548063",NA,NA,NA,NA,NA,NA,NA,NA,NA,NA,NA,NA,NA,NA,NA,82,NA,NA,NA,NA,NA
22,"2023","20","Punjab","736422.84833461826",NA,NA,NA,NA,NA,NA,NA,NA,NA,NA,NA,NA,NA,NA,NA,88,NA,NA,NA,NA,NA
23,"2011","13","Madhya Pradesh","315561.59000000003",41009,3790,9.24187373503377,276060,43720,15.837136854307,6525,15.9111414567534,30560,11.0700572339347,3779,9.21505035480017,31899,11.5550967181048,NA,NA,3.1,6.59526311927323,-4.8410842228187,2.34004636330463,18.7
23,"2012","13","Madhya Pradesh","380924.79999999999",45067,4490,9.96294406106464,327699,52449,16.0052365127754,6987,15.5035835533761,31415,9.58654130772447,4042,8.9688685734573,44115,13.462049014492,230,35,2.9,6.04229245171076,-5.91704224565163,4.4931804410347,18.6
23,"2013","13","Madhya Pradesh","439483.44",56655,4858,8.57470655723237,410183,56560,13.7889673633476,9126,16.1080222398729,38982,9.50356304381215,6241,11.0157973700468,61223,14.9257770312275,221,NA,2.9,5.21426080611523,-6.60445919606075,3.9099796611807,18.4
23,"2014","13","Madhya Pradesh","479939.03999999998",67635,4954,7.3246100391809,502293,59743,11.894053868957,10282,15.2021882161603,46996,9.35629204468308,10003,14.7896798994603,82373,16.3993923865154,NA,NA,2.8,4.5694438297761,-5.84589617147722,1.6097124870551,17.9
23,"2015","13","Madhya Pradesh","541067.51000000001",67209,4378,6.51400854052285,490921,54658,11.1337669400983,8283,12.3242422889792,38131,7.76723749849772,9106,13.5487806692556,64671,13.1734026452321,NA,NA,2.8,4.61975839957545,-4.55700479048148,-0.375378024023499,17.9
23,"2016","13","Madhya Pradesh","649822.81000000006",74025,3471,4.68895643363728,543034,45757,8.42617589322216,5741,7.75548801080716,22140,4.07709277872104,8022,10.8368794326241,56881,10.4746664113113,173,NA,2.8,3.73721945958488,-3.67839523208612,-0.362213021312799,17.9
23,"2017","13","Madhya Pradesh","726283.92000000004",79526,3023,3.8012725397983,594422,38023,6.39663404113576,4637,5.83079747503961,19594,3.29631137474723,7648,9.61698061011493,58742,9.88220489820363,188,NA,2.7,2.59536150133746,-2.53448610029238,0.265224288088699,18
23,"2018","13","Madhya Pradesh","829804.72999999998",80767,2050,2.53816533980462,589195,23539,3.99511197481309,2065,2.55673728131539,10174,1.7267627865138,8121,10.0548491339285,63033,10.6981559585536,173,69,2.7,1.45694663500847,-0.82997449480159,0.643306824625101,17.9
23,"2019","13","Madhya Pradesh","927855",NA,NA,NA,NA,NA,NA,NA,NA,NA,NA,NA,NA,NA,NA,163,62,2.7,NA,NA,NA,17.9
23,"2020","13","Madhya Pradesh","946627.93000000005",NA,NA,NA,NA,NA,NA,NA,NA,NA,NA,NA,NA,NA,NA,173,55,2.6,NA,NA,NA,17.6
23,"2021","13","Madhya Pradesh","1092964",NA,NA,NA,NA,NA,NA,NA,NA,NA,NA,NA,NA,NA,NA,NA,41,NA,NA,NA,NA,NA
23,"2022","13","Madhya Pradesh","1246471.3400000001",NA,NA,NA,NA,NA,NA,NA,NA,NA,NA,NA,NA,NA,NA,NA,48,NA,NA,NA,NA,NA
23,"2023","13","Madhya Pradesh","1363327.24",NA,NA,NA,NA,NA,NA,NA,NA,NA,NA,NA,NA,NA,NA,NA,58,NA,NA,NA,NA,NA
24,"2011","22","Sikkim","11165.096836957988",63,11,17.4603174603175,314,74,23.5668789808917,4,6.34920634920635,8,2.54777070063694,6,9.52380952380952,48,15.2866242038217,NA,NA,NA,6.1065615205742,-3.80143564856941,5.76281468001218,12
24,"2012","22","Sikkim","12338.420375050755",107,22,20.5607476635514,670,162,24.1791044776119,5,4.67289719626168,13,1.94029850746269,14,13.0841121495327,96,14.3283582089552,NA,NA,NA,3.6183568140605,-2.73259868879899,1.2442460594225,11.9
24,"2013","22","Sikkim","13861.902317311406",366,40,10.9289617486339,2048,246,12.01171875,6,1.63934426229508,24,1.171875,13,3.55191256830601,102,4.98046875,NA,NA,NA,1.0827570013661,-0.46746926229508,1.42855618169399,11.8
24,"2014","22","Sikkim","15406.721352201046",464,44,9.48275862068965,2776,322,11.5994236311239,8,1.72413793103448,26,0.936599423631124,15,3.23275862068966,83,2.98991354466859,NA,NA,NA,2.11666501043425,-0.787538507403356,-0.24284507602107,12
24,"2015","22","Sikkim","18033.942571297161",523,39,7.45697896749522,2601,328,12.6105344098424,7,1.33843212237094,21,0.807381776239908,9,1.7208413001912,79,3.03729334871203,NA,NA,NA,5.15355544234718,-0.531050346131032,1.31645204852083,12
24,"2016","22","Sikkim","20687.185681201154",583,54,9.26243567753002,2592,359,13.8503086419753,15,2.57289879931389,41,1.58179012345679,4,0.686106346483705,81,3.125,NA,NA,NA,4.58787296444528,-0.9911086758571,2.4388936535163,11.9
24,"2017","22","Sikkim","25970.822025278845",527,41,7.77988614800759,2481,230,9.27045546150746,25,4.7438330170778,96,3.86940749697703,5,0.94876660341556,42,1.69286577992745,NA,NA,NA,1.49056931349987,-0.87442552010077,0.74409917651189,11.9
24,"2018","22","Sikkim","28402.429145312846",412,17,4.12621359223301,2183,117,5.35959688502061,22,5.33980582524272,69,3.16078790655062,5,1.21359223300971,22,1.00778744846541,NA,99,NA,1.2333832927876,-2.1790179186921,-0.2058047845443,11.8
24,"2019","22","Sikkim","31441.0025472532",NA,NA,NA,NA,NA,NA,NA,NA,NA,NA,NA,NA,NA,NA,NA,75,NA,NA,NA,NA,12.3
24,"2020","22","Sikkim","33017.826268150973",NA,NA,NA,NA,NA,NA,NA,NA,NA,NA,NA,NA,NA,NA,NA,30,NA,NA,NA,NA,11.6
24,"2021","22","Sikkim","37557.39673920544",NA,NA,NA,NA,NA,NA,NA,NA,NA,NA,NA,NA,NA,NA,NA,35,NA,NA,NA,NA,NA
24,"2022","22","Sikkim","42756.171980798244",NA,NA,NA,NA,NA,NA,NA,NA,NA,NA,NA,NA,NA,NA,NA,57,NA,NA,NA,NA,NA
24,"2023","22","Sikkim","NA",NA,NA,NA,NA,NA,NA,NA,NA,NA,NA,NA,NA,NA,NA,NA,39,NA,NA,NA,NA,NA
25,"2011","15","Manipur","12914.599100000001",259,2,0.772200772200772,716,9,1.25698324022346,64,24.7104247104247,143,19.9720670391061,2,0.772200772200772,10,1.39664804469274,NA,NA,NA,0.484782468022688,-4.7383576713186,0.624447272491968,10.3
25,"2012","15","Manipur","13743.243800000002",640,1,0.15625,1324,18,1.3595166163142,170,26.5625,275,20.7703927492447,5,0.78125,22,1.66163141993958,NA,108,NA,1.2032666163142,-5.7921072507553,0.88038141993958,10.6
25,"2013","15","Manipur","16182.036099999999",1046,7,0.669216061185469,2678,44,1.64301717699776,178,17.0172084130019,409,15.2725914861837,10,0.956022944550669,24,0.896191187453323,NA,NA,NA,0.973801115812291,-1.7446169268182,-0.059831757097346,10.6
25,"2014","15","Manipur","18129.049999999999",2183,14,0.641319285387082,7008,51,0.727739726027397,196,8.97846999541915,501,7.14897260273973,81,3.71049015116812,378,5.39383561643836,NA,NA,NA,0.086420440640315,-1.82949739267942,1.68334546527024,10.3
25,"2015","15","Manipur","19530.669999999998",2272,10,0.440140845070423,7814,67,0.857435372408498,141,6.20598591549296,437,5.59252623496289,22,0.96830985915493,180,2.30355771691835,NA,NA,NA,0.417294527338075,-0.613459680530069,1.33524785776342,10.4
25,"2016","15","Manipur","21293.889999999999",2676,13,0.485799701046338,8387,52,0.620007153928699,160,5.97907324364723,462,5.50852509836652,111,4.14798206278027,334,3.98235364254203,NA,NA,NA,0.134207452882361,-0.47054814528071,-0.16562842023824,8.4
25,"2017","15","Manipur","25789.23",2595,9,0.346820809248555,7789,51,0.654769546796765,126,4.85549132947977,375,4.81448196174092,241,9.28709055876686,459,5.89292592117088,NA,NA,NA,0.30794873754821,-0.0410093677388508,-3.39416463759598,9.3
25,"2018","15","Manipur","27388.07",2519,2,0.0793965859468043,7317,35,0.4783381167145,98,3.89043271139341,222,3.0340303403034,47,1.8658197697499,215,2.9383627169605,NA,123,NA,0.398941530767696,-0.85640237109001,1.0725429472106,9.8
25,"2019","15","Manipur","29813.029999999999",NA,NA,NA,NA,NA,NA,NA,NA,NA,NA,NA,NA,NA,NA,NA,77,NA,NA,NA,NA,9.3
25,"2020","15","Manipur","29776.09",NA,NA,NA,NA,NA,NA,NA,NA,NA,NA,NA,NA,NA,NA,NA,88,NA,NA,NA,NA,9
25,"2021","15","Manipur","36594.470000000001",NA,NA,NA,NA,NA,NA,NA,NA,NA,NA,NA,NA,NA,NA,NA,93,NA,NA,NA,NA,NA
25,"2022","15","Manipur","NA",NA,NA,NA,NA,NA,NA,NA,NA,NA,NA,NA,NA,NA,NA,NA,98,NA,NA,NA,NA,NA
25,"2023","15","Manipur","NA",NA,NA,NA,NA,NA,NA,NA,NA,NA,NA,NA,NA,NA,NA,NA,36,NA,NA,NA,NA,NA
26,"2011","31","Delhi","343797.50130944105",14308,251,1.75426334917529,67904,3058,4.50341658812441,3070,21.4565278166061,10893,16.0417648444863,81,0.566116857701985,1082,1.5934260131951,NA,NA,1.8,2.74915323894912,-5.4147629721198,1.02730915549311,NA
26,"2012","31","Delhi","391387.63923031685",15557,280,1.79983287266182,73561,3024,4.11087396854311,2940,18.8982451629492,10562,14.3581517380133,80,0.514237963617664,996,1.35397833090904,NA,46,1.8,2.31104109588129,-4.5400934249359,0.839740367291376,NA
26,"2013","31","Delhi","443959.89145741053",19978,297,1.48663529882871,97588,4087,4.1880149198672,3287,16.4530984082491,11716,12.0055744558757,125,0.625688257082791,1211,1.24093126204041,NA,NA,1.7,2.70137962103849,-4.4475239523734,0.615243004957619,NA
26,"2014","31","Delhi","494803.02276725223",22970,267,1.16238572050501,111779,4062,3.63395628874833,3473,15.1197213757074,13228,11.8340654326841,86,0.374401393121463,1133,1.01360720707825,NA,NA,1.7,2.47157056824332,-3.2856559430233,0.639205813956787,NA
26,"2015","31","Delhi","550803.70239809598",27156,319,1.17469435852114,136350,4223,3.0971763843051,3712,13.6691707173369,15413,11.3039970663733,84,0.309323906319046,1169,0.857352401906857,NA,NA,1.7,1.92248202578396,-2.3651736509636,0.548028495587811,NA
26,"2016","31","Delhi","616085.06071223761",36613,301,0.822112364460711,201555,4051,2.00987323559326,4658,12.7222571217873,20341,10.092034432289,91,0.248545598557889,1184,0.587432710674506,NA,NA,1.6,1.18776087113255,-2.6302226894983,0.338887112116617,NA
26,"2017","31","Delhi","677900.04092021566",42026,209,0.497311188311997,257606,2898,1.12497379719416,4321,10.2817303573978,21930,8.51300047359145,89,0.211773663922334,1102,0.427785067118002,NA,NA,1.5,0.627662608882163,-1.76872988380635,0.216011403195668,NA
26,"2018","31","Delhi","738389.4336359502",46221,122,0.263949287120573,262001,1584,0.604577845122728,3753,8.11968585707795,18399,7.02249228056381,81,0.175245018498085,954,0.364120747630734,NA,114,1.5,0.340628558002155,-1.09719357651414,0.188875729132649,NA
26,"2019","31","Delhi","792911.27126275608",NA,NA,NA,NA,NA,NA,NA,NA,NA,NA,NA,NA,NA,NA,NA,99,1.5,NA,NA,NA,NA
26,"2020","31","Delhi","744277.2504235293",NA,NA,NA,NA,NA,NA,NA,NA,NA,NA,NA,NA,NA,NA,NA,102,1.4,NA,NA,NA,NA
26,"2021","31","Delhi","881335.76503796468",NA,NA,NA,NA,NA,NA,NA,NA,NA,NA,NA,NA,NA,NA,NA,65,NA,NA,NA,NA,NA
26,"2022","31","Delhi","1014687.877022688",NA,NA,NA,NA,NA,NA,NA,NA,NA,NA,NA,NA,NA,NA,NA,62,NA,NA,NA,NA,NA
26,"2023","31","Delhi","1107746.4495496619",NA,NA,NA,NA,NA,NA,NA,NA,NA,NA,NA,NA,NA,NA,NA,22,NA,NA,NA,NA,NA
27,"2011","30","Chandigarh","18768.159157249753",1946,84,4.31654676258993,10893,680,6.24254108142844,476,24.4604316546763,2036,18.6909024143946,14,0.719424460431655,174,1.59735610024787,NA,NA,NA,1.92599431883851,-5.7695292402817,0.877931639816215,11
27,"2012","30","Chandigarh","21608.558015119001",2261,60,2.65369305616984,13007,802,6.16591066348889,579,25.6081379920389,2106,16.1912816175905,14,0.619195046439629,253,1.94510648112555,NA,104,NA,3.51221760731905,-9.4168563744484,1.32591143468592,10.8
27,"2013","30","Chandigarh","24821.728467097837",2783,99,3.55731225296443,16291,970,5.95420784482229,582,20.9126841537909,2752,16.8927628752072,20,0.718648939992813,265,1.62666502977104,NA,NA,NA,2.39689559185786,-4.0199212785837,0.908016089778227,10.7
27,"2014","30","Chandigarh","26548.569236697302",3008,70,2.32712765957447,18344,1078,5.87658089838639,744,24.7340425531915,3460,18.8617531617968,19,0.631648936170213,435,2.37134757959006,NA,NA,NA,3.54945323881192,-5.8722893913947,1.73969864341985,10.3
27,"2015","30","Chandigarh","29275.078048364398",3163,72,2.27631994941511,19147,997,5.20708204940722,723,22.8580461587101,3233,16.8851517208962,62,1.96016440088524,427,2.23011437823158,NA,NA,NA,2.93076209999211,-5.9728944378139,0.26994997734634,9.3
27,"2016","30","Chandigarh","32426.662224961998",3406,57,1.67351732237228,18787,750,3.99212221216799,536,15.7369348209043,1904,10.1346675892905,35,1.02759835584263,300,1.5968488848672,NA,NA,NA,2.31860488979571,-5.6022672316138,0.56925052902457,9.4
27,"2017","30","Chandigarh","36344.349999999999",3679,43,1.16879586844251,22391,518,2.31342950292528,305,8.290296276162,1145,5.1136617390916,21,0.570807284588203,287,1.28176499486401,NA,NA,NA,1.14463363448277,-3.1766345370704,0.710957710275807,9.1
27,"2018","30","Chandigarh","40138.870000000003",3809,15,0.39380414807036,23896,305,1.27636424506194,119,3.12417957469152,486,2.03381319049213,15,0.39380414807036,197,0.824405758285906,NA,212,NA,0.88256009699158,-1.09036638419939,0.430601610215546,9
27,"2019","30","Chandigarh","43421.43",NA,NA,NA,NA,NA,NA,NA,NA,NA,NA,NA,NA,NA,NA,NA,97,NA,NA,NA,NA,9.1
27,"2020","30","Chandigarh","39415.910000000003",NA,NA,NA,NA,NA,NA,NA,NA,NA,NA,NA,NA,NA,NA,NA,60,NA,NA,NA,NA,9.1
27,"2021","30","Chandigarh","46095.739999999998",NA,NA,NA,NA,NA,NA,NA,NA,NA,NA,NA,NA,NA,NA,NA,40,NA,NA,NA,NA,NA
27,"2022","30","Chandigarh","54284.730000000003",NA,NA,NA,NA,NA,NA,NA,NA,NA,NA,NA,NA,NA,NA,NA,82,NA,NA,NA,NA,NA
27,"2023","30","Chandigarh","NA",NA,NA,NA,NA,NA,NA,NA,NA,NA,NA,NA,NA,NA,NA,NA,24,NA,NA,NA,NA,NA
29,"2011","24","Telangana","359434.10999999999",28401,6703,23.6012816450125,64682,14416,22.2874988404811,6272,22.0837294461463,12459,19.2619275841811,769,2.7076511390444,1776,2.74574070065861,NA,NA,NA,-1.3137828045314,-2.8218018619652,0.0380895616142101,NA
29,"2012","24","Telangana","401593.60999999999",35859,7706,21.4897236398115,76834,15666,20.389410937866,7580,21.1383474162693,14777,19.2323710857173,931,2.59627987395075,2217,2.88544134107296,NA,NA,NA,-1.1003127019455,-1.905976330552,0.28916146712221,NA
29,"2013","24","Telangana","451580.40000000002",45663,8908,19.5081356897269,94938,17004,17.9106364153448,8177,17.9072772266386,15940,16.7899049906255,1236,2.70678667630248,2853,3.00511913037983,NA,NA,NA,-1.5974992743821,-1.1173722360131,0.29833245407735,NA
29,"2014","24","Telangana","505848.78999999998",50584,8609,17.0192155622331,101754,15388,15.1227470173163,7335,14.5006326111023,14821,14.5655207657684,1309,2.58777479044757,2959,2.90799378894196,NA,NA,1.8,-1.8964685449168,0.0648881546660984,0.32021899849439,11.3
29,"2015","24","Telangana","577902.05519103748",54559,8237,15.0974174746605,108077,14349,13.2766453547008,6781,12.4287468611961,13771,12.7418414648815,1293,2.36991147198446,3313,3.06540707088465,NA,NA,1.8,-1.8207721199597,0.3130946036854,0.69549559890019,11.3
29,"2016","24","Telangana","658325.33999999997",57518,5662,9.84387496088181,112575,9753,8.66355762824784,5536,9.62481310198547,11120,9.87785920497446,1239,2.1541082791474,3184,2.82833666444593,81,NA,1.7,-1.18031733263397,0.253046102988989,0.67422838529853,11.4
29,"2017","24","Telangana","750050.28000000003",63882,3606,5.64478256785949,125921,6507,5.16752567085712,3907,6.1159638082715,8192,6.50566625106217,1360,2.12892520584828,3380,2.68422264753298,76,NA,1.7,-0.477256897002371,0.38970244279067,0.5552974416847,10.6
29,"2018","24","Telangana","857427.15362422157",66782,1493,2.23563235602408,131180,2781,2.11998780301875,1852,2.77320235991734,4724,3.60115871321848,1991,2.9813422778593,4029,3.07135234029578,63,126,1.6,-0.11564455300533,0.82795635330114,0.0900100624364799,10.6
29,"2019","24","Telangana","950090.49472920608",NA,NA,NA,NA,NA,NA,NA,NA,NA,NA,NA,NA,NA,NA,56,177,1.6,NA,NA,NA,10.6
29,"2020","24","Telangana","943077.98712934647",NA,NA,NA,NA,NA,NA,NA,NA,NA,NA,NA,NA,NA,NA,43,120,1.5,NA,NA,NA,10.4
29,"2021","24","Telangana","1124204.1942099796",NA,NA,NA,NA,NA,NA,NA,NA,NA,NA,NA,NA,NA,NA,NA,111,NA,NA,NA,NA,NA
29,"2022","24","Telangana","1308034.0280557612",NA,NA,NA,NA,NA,NA,NA,NA,NA,NA,NA,NA,NA,NA,NA,113,NA,NA,NA,NA,NA
29,"2023","24","Telangana","1463959.6369403368",NA,NA,NA,NA,NA,NA,NA,NA,NA,NA,NA,NA,NA,NA,NA,96,NA,NA,NA,NA,NA
30,"2011","6","Goa","42366.65807303397",2881,0,0,13142,0,0,5,0.173550850399167,5,0.0380459595190991,0,0,0,0,NA,NA,NA,0,-0.135504890880068,0,6.6
30,"2012","6","Goa","38120.017077150958",2864,0,0,13619,0,0,1,0.0349162011173184,13,0.0954548792128644,0,0,0,0,NA,97,NA,0,0.060538678095546,0,6.5
30,"2013","6","Goa","35921.104279815612",3440,0,0,15090,0,0,3,0.0872093023255814,8,0.0530152418820411,0,0,0,0,NA,NA,NA,0,-0.0341940604435403,0,6.4
30,"2014","6","Goa","47814.18019281367",3680,0,0,18600,0,0,3,0.0815217391304348,14,0.0752688172043011,0,0,0,0,NA,NA,NA,0,-0.00625292192613369,0,6.4
30,"2015","6","Goa","55053.853141522231",4843,0,0,23546,0,0,15,0.309725376832542,32,0.135904187547779,0,0,0,0,NA,NA,NA,0,-0.173821189284763,0,6.3
30,"2016","6","Goa","62976.313594314168",4170,0,0,19777,0,0,8,0.191846522781775,27,0.136522222784042,0,0,0,0,NA,NA,NA,0,-0.055324299997733,0,6.1
30,"2017","6","Goa","69352.053703084603",3817,0,0,21289,1,0.00469726149654751,3,0.0785957558291852,16,0.0751561839447602,0,0,0,0,NA,NA,NA,0.00469726149654751,-0.00343957188442499,0,6.4
30,"2018","6","Goa","71853.335311180737",4582,0,0,26333,0,0,0,0,3,0.0113925492727756,0,0,0,0,NA,298,NA,0,0.0113925492727756,0,6.4
30,"2019","6","Goa","75032.085208186661",NA,NA,NA,NA,NA,NA,NA,NA,NA,NA,NA,NA,NA,NA,NA,144,NA,NA,NA,NA,6.4
30,"2020","6","Goa","74157.918705368153",NA,NA,NA,NA,NA,NA,NA,NA,NA,NA,NA,NA,NA,NA,NA,116,NA,NA,NA,NA,6.2
30,"2021","6","Goa","84266.23733899332",NA,NA,NA,NA,NA,NA,NA,NA,NA,NA,NA,NA,NA,NA,NA,128,NA,NA,NA,NA,NA
30,"2022","6","Goa","93672.378765629866",NA,NA,NA,NA,NA,NA,NA,NA,NA,NA,NA,NA,NA,NA,NA,201,NA,NA,NA,NA,NA
30,"2023","6","Goa","NA",NA,NA,NA,NA,NA,NA,NA,NA,NA,NA,NA,NA,NA,NA,NA,127,NA,NA,NA,NA,NA
